CountryName,CountryCode,01jan2020,02jan2020,03jan2020,04jan2020,05jan2020,06jan2020,07jan2020,08jan2020,09jan2020,10jan2020,11jan2020,12jan2020,13jan2020,14jan2020,15jan2020,16jan2020,17jan2020,18jan2020,19jan2020,20jan2020,21jan2020,22jan2020,23jan2020,24jan2020,25jan2020,26jan2020,27jan2020,28jan2020,29jan2020,30jan2020,31jan2020,01feb2020,02feb2020,03feb2020,04feb2020,05feb2020,06feb2020,07feb2020,08feb2020,09feb2020,10feb2020,11feb2020,12feb2020,13feb2020,14feb2020,15feb2020,16feb2020,17feb2020,18feb2020,19feb2020,20feb2020,21feb2020,22feb2020,23feb2020,24feb2020,25feb2020,26feb2020,27feb2020,28feb2020,29feb2020,01mar2020,02mar2020,03mar2020,04mar2020,05mar2020,06mar2020,07mar2020,08mar2020,09mar2020,10mar2020,11mar2020,12mar2020,13mar2020,14mar2020,15mar2020,16mar2020,17mar2020,18mar2020,19mar2020,20mar2020,21mar2020,22mar2020,23mar2020,24mar2020,25mar2020,26mar2020,27mar2020,28mar2020,29mar2020,30mar2020,31mar2020,01apr2020,02apr2020,03apr2020,04apr2020,05apr2020,06apr2020,07apr2020,08apr2020,09apr2020,10apr2020,11apr2020,12apr2020,13apr2020,14apr2020,15apr2020
Aruba,ABW,0,0,0,0,0,0,0,0,0,0,0,0,0,0,0,0,0,0,0,0,0,0,0,0,0,0,0,0,0,0,0,0,0,0,0,0,0,0,0,0,0,0,0,0,0,0,0,0,0,0,0,0,0,0,0,0,0,0,0,0,0,0,0,0,0,0,0,0,0,0,0,0,0,0,0,29,29,43,43,43,67,67,67,67,67,67,67,67,71,71,71,71,71,71,71,71,71,,,,,,,,,
Afghanistan,AFG,0,0,0,0,0,0,0,0,0,0,0,0,0,0,0,0,0,0,0,0,0,0,0,0,0,0,0,0,0,0,0,0,0,0,0,0,0,0,0,0,0,0,0,0,0,0,0,0,0,0,0,0,0,0,0,0,0,0,0,0,24,29,29,29,29,29,29,29,29,29,29,29,29,43,43,43,43,43,43,43,43,43,43,52,52,62,71,71,71,71,71,71,71,71,71,71,71,71,71,71,71,71,71,71,71,71
Angola,AGO,0,0,0,0,0,0,0,0,0,0,0,0,0,0,0,0,0,0,0,0,0,0,0,0,0,0,0,0,0,0,0,0,0,0,0,0,10,10,10,10,10,10,10,10,10,10,10,10,10,10,10,10,10,10,10,10,10,10,10,10,14,14,14,14,14,14,14,14,14,14,14,14,14,14,14,14,14,14,14,14,14,14,14,48,52,52,71,71,71,71,71,71,71,71,71,71,71,71,71,,,,,,,
Andorra,AND,0,0,0,0,0,0,0,0,0,0,0,0,0,0,0,0,0,0,0,0,0,0,0,0,0,0,0,0,0,0,0,0,0,0,0,0,0,0,0,0,0,0,0,0,0,0,0,0,0,0,0,0,0,0,0,0,0,0,0,0,0,0,0,0,0,0,0,0,0,0,0,0,0,0,0,14,14,14,14,14,14,14,14,14,57,57,57,57,57,57,57,57,57,57,57,57,57,57,57,57,57,57,57,57,,
United Arab Emirates,ARE,0,0,0,0,0,0,0,0,0,0,0,0,0,0,0,0,0,0,0,0,0,0,5,5,5,5,5,5,5,5,5,5,5,5,5,5,5,5,5,5,5,5,5,5,5,5,5,5,5,5,5,5,5,5,14,14,14,14,14,14,29,29,29,29,24,24,24,29,29,29,29,29,36,36,38,50,55,55,55,55,55,55,71,71,76,90,90,90,95,95,95,95,95,95,95,95,95,95,95,95,95,,,,,
Argentina,ARG,0,0,0,0,0,0,0,0,0,0,0,0,0,0,0,0,0,0,0,0,0,0,14,14,14,14,14,14,14,14,14,14,14,14,14,14,14,14,14,14,14,14,14,14,14,14,14,14,14,14,14,14,14,14,14,14,14,14,14,14,14,14,14,14,14,14,14,14,14,14,24,24,38,38,38,67,67,67,67,95,95,95,95,95,95,95,95,95,95,95,95,90,90,90,95,95,95,95,95,100,100,100,95,95,95,95
Australia,AUS,0,0,0,0,0,0,0,0,0,0,0,0,0,0,0,0,0,0,0,0,0,0,0,0,7,7,7,7,7,7,7,21,21,29,29,29,29,29,29,29,29,29,29,29,29,29,29,29,29,29,29,29,29,29,29,29,29,29,29,29,29,29,29,29,29,29,29,29,29,29,29,29,29,29,29,33,33,38,48,48,48,57,57,67,67,67,67,67,71,71,71,71,71,71,71,71,71,71,71,71,71,71,71,71,71,
Austria,AUT,0,0,0,0,0,0,0,0,0,0,0,0,0,0,0,0,0,0,0,0,0,0,0,0,0,0,0,0,0,0,0,0,0,0,0,0,0,0,0,0,0,0,0,0,0,0,0,0,0,0,0,0,0,0,14,14,14,14,14,14,14,14,14,14,14,14,14,14,29,29,43,52,71,71,71,95,95,95,95,95,95,95,95,95,95,95,95,95,95,95,95,95,95,95,95,95,95,95,95,,,,,,,
Azerbaijan,AZE,0,0,0,0,0,0,0,0,0,0,0,0,0,0,0,0,0,0,0,0,0,0,0,0,0,0,0,0,0,5,0,0,0,0,0,0,0,0,0,0,0,0,0,0,0,0,0,0,0,0,0,0,0,0,0,0,0,14,14,14,14,14,29,29,29,29,29,29,29,38,38,38,38,48,48,48,48,48,48,48,48,52,52,52,52,52,52,52,52,57,71,71,71,71,71,71,71,71,71,71,71,71,71,71,71,71
Burundi,BDI,0,0,0,0,0,0,0,0,0,0,0,0,0,0,0,0,0,0,0,0,0,0,0,0,0,0,0,0,0,0,0,14,14,14,14,14,14,14,14,14,14,14,14,14,14,14,14,14,14,14,14,14,14,14,14,14,14,14,14,14,14,14,14,14,24,24,24,24,24,24,24,24,24,24,24,24,24,24,24,24,24,29,29,29,29,29,29,29,29,29,29,29,29,29,29,29,29,29,29,29,29,29,29,,,
Belgium,BEL,0,0,0,0,0,0,0,0,0,0,0,0,0,0,0,0,0,0,0,0,0,0,0,0,0,0,0,0,0,0,0,0,0,0,0,0,14,14,14,14,14,14,14,14,14,14,14,14,14,14,14,14,14,14,14,14,14,14,14,14,14,14,14,19,19,19,19,19,19,29,29,29,38,62,62,62,71,86,86,86,86,86,86,86,86,86,86,86,86,86,86,86,86,86,86,86,86,86,86,86,86,86,86,86,,
Burkina Faso,BFA,0,0,0,0,0,0,0,0,0,0,0,0,0,0,0,0,0,0,0,0,0,0,0,0,0,0,0,0,0,0,0,0,0,0,0,0,0,0,0,0,0,0,0,0,0,0,0,0,0,0,0,0,0,0,0,0,0,0,0,0,0,0,0,0,0,0,0,0,0,0,0,19,33,33,33,48,48,48,48,48,81,90,95,95,95,95,95,95,95,95,95,88,88,88,88,88,95,95,95,95,95,95,95,95,,
Bangladesh,BGD,0,0,0,0,0,0,0,0,0,0,0,0,0,0,0,0,0,0,0,0,0,5,5,5,5,5,5,19,19,19,19,24,24,24,24,24,24,24,24,24,24,24,24,24,24,24,24,24,24,24,24,24,24,24,24,24,24,24,24,24,24,24,24,24,24,24,24,24,24,24,24,24,24,24,24,38,38,38,76,76,81,81,81,81,81,90,90,90,90,90,95,95,95,95,95,95,95,95,95,95,95,95,95,95,95,
Bulgaria,BGR,0,0,0,0,0,0,0,0,0,0,0,0,0,0,0,0,0,0,0,0,0,0,0,0,0,0,0,0,0,0,0,0,0,0,0,0,0,0,0,0,0,14,14,14,14,14,14,14,14,14,14,14,14,14,14,14,14,14,14,14,14,14,14,14,29,29,29,33,33,33,33,33,71,71,71,71,71,81,81,81,81,81,81,81,81,81,81,81,81,81,81,81,81,81,81,81,81,81,81,81,,,,,,
Bosnia and Herzegovina,BIH,0,0,0,0,0,0,0,0,0,0,0,0,0,0,0,0,0,0,0,0,0,0,0,0,0,0,0,0,0,0,0,0,0,0,0,0,0,0,0,0,0,0,0,0,0,0,0,0,0,0,0,0,0,0,0,0,0,0,0,0,0,0,0,0,14,14,14,14,14,29,48,48,48,48,48,57,90,90,90,90,100,100,100,100,100,100,100,100,100,100,100,100,100,100,100,100,100,100,100,100,100,100,100,100,,
Belize,BLZ,0,0,0,0,0,0,0,0,0,0,0,0,0,0,0,0,0,0,0,0,0,0,0,0,0,0,0,0,0,0,0,0,0,0,0,0,0,0,0,0,0,0,0,0,0,0,0,0,0,0,0,0,0,0,0,0,0,0,14,14,14,14,14,14,14,14,14,14,14,14,19,19,24,24,29,43,43,43,43,76,76,76,76,76,76,76,76,76,76,76,76,76,76,76,76,76,76,76,76,76,76,76,76,76,76,
Bermuda,BMU,0,0,0,0,0,0,0,0,0,0,0,0,0,0,0,0,0,0,0,0,0,14,14,14,14,14,14,14,14,14,14,14,14,14,14,14,14,29,29,29,29,29,29,29,29,29,29,29,29,29,29,29,29,29,29,29,29,29,29,29,29,29,29,29,29,29,29,29,29,29,29,29,29,33,33,33,43,43,52,67,81,81,86,86,95,100,100,100,100,100,100,100,100,100,100,100,100,100,100,100,100,,,,,
Bolivia,BOL,0,0,0,0,0,0,0,0,0,0,0,0,0,0,0,0,0,0,0,0,0,0,0,0,0,0,0,0,0,0,0,0,0,0,0,0,0,0,0,0,0,0,0,0,0,0,0,0,0,0,0,0,0,0,0,0,0,0,0,0,0,0,0,0,0,0,0,0,0,0,0,14,36,50,50,69,69,74,69,69,69,69,69,69,69,69,69,69,69,69,69,69,69,69,69,69,69,69,69,69,69,69,69,69,,
Brazil,BRA,0,0,0,0,0,0,0,0,0,0,0,0,0,0,0,0,0,0,0,0,0,0,0,0,0,0,0,0,0,0,0,0,0,0,0,0,0,0,0,0,0,0,0,0,0,0,0,0,0,0,0,0,0,0,0,0,0,0,0,0,0,14,14,14,14,14,14,14,14,14,14,33,48,48,52,52,62,62,71,71,76,76,76,76,76,76,76,76,76,76,76,76,76,76,76,76,76,76,76,76,76,76,76,,76,
Barbados,BRB,0,0,0,0,0,0,0,0,0,0,0,0,0,0,0,0,0,0,0,0,0,14,14,14,14,14,14,14,14,14,14,14,14,14,14,14,14,14,14,14,14,14,14,14,14,14,14,14,14,14,14,14,14,14,14,14,14,14,14,14,14,14,14,14,14,14,24,24,24,24,24,24,24,24,24,29,48,48,48,48,48,48,48,48,62,62,62,76,76,76,76,76,76,81,81,76,81,81,81,81,81,81,81,81,81,
Brunei,BRN,0,0,0,0,0,14,14,14,14,14,14,14,14,14,14,14,14,14,14,14,19,19,19,19,19,19,19,19,19,29,29,29,29,29,29,29,29,29,29,29,29,29,29,29,29,29,29,29,29,29,29,29,29,29,29,29,29,29,29,29,29,29,29,29,29,29,29,29,29,29,43,43,57,57,57,57,57,57,57,57,57,57,57,57,57,57,57,57,57,57,57,57,57,57,57,57,57,57,57,57,57,57,57,57,57,57
Botswana,BWA,19,19,19,19,19,19,19,19,19,19,19,19,19,19,19,19,19,19,19,19,19,19,19,19,19,19,19,19,19,19,19,19,19,19,19,19,19,19,19,19,19,19,19,19,19,19,19,19,19,19,19,19,19,19,19,19,19,19,19,19,19,19,19,19,19,19,19,19,19,19,19,19,19,19,19,43,43,43,43,57,57,57,57,57,67,67,67,67,67,67,67,67,100,100,100,100,100,100,100,100,100,100,100,100,,
Canada,CAN,0,0,0,0,0,0,0,0,0,0,0,0,0,0,0,0,0,0,0,0,0,5,5,5,5,5,5,5,5,5,5,5,5,5,5,5,5,5,5,5,5,5,5,5,5,5,5,5,5,5,5,5,5,5,5,5,5,5,5,5,5,5,5,5,5,5,5,5,5,5,19,29,29,29,29,38,38,57,57,71,71,71,71,71,71,71,71,71,71,71,76,81,81,81,81,81,81,,,,,,,,,
Switzerland,CHE,0,0,0,0,0,0,0,0,0,0,0,0,0,0,0,0,0,0,0,0,0,0,0,0,0,0,0,0,0,0,0,0,0,0,0,0,0,0,0,0,0,0,0,0,0,0,0,0,0,0,0,0,0,0,0,0,0,0,10,10,10,10,24,24,24,24,24,24,24,24,24,24,52,52,52,62,81,81,81,81,81,81,81,81,81,81,81,81,81,81,81,81,81,81,81,81,81,81,81,81,81,81,81,81,81,81
Chile,CHL,0,0,0,0,0,0,0,0,0,0,0,0,0,0,0,0,0,0,0,0,0,0,0,0,0,0,0,0,0,0,0,0,0,0,0,0,0,0,0,0,0,0,0,0,0,0,0,0,0,0,0,0,0,0,0,0,0,0,0,0,0,0,0,0,0,0,0,0,0,0,0,0,0,14,29,48,48,62,62,62,62,71,71,71,81,81,81,81,81,81,81,71,71,71,71,71,71,71,71,71,,,,,,
China,CHN,0,0,0,0,0,0,0,0,0,0,0,0,0,0,0,0,0,0,0,12,12,19,43,43,43,71,71,71,71,71,71,71,71,71,71,71,71,71,71,67,67,67,67,67,67,67,67,67,67,67,67,67,67,67,67,76,76,76,76,76,76,76,76,76,76,76,76,76,76,76,76,71,71,71,71,67,67,67,67,67,67,67,67,71,71,76,76,67,67,67,67,67,67,62,57,57,57,57,48,43,43,43,43,43,,
Cameroon,CMR,0,0,0,0,0,0,0,0,0,0,0,0,0,0,0,0,0,0,0,0,0,0,0,0,0,0,0,0,0,0,0,0,0,0,0,0,0,0,0,0,0,0,0,0,0,0,0,0,0,0,0,0,0,0,0,0,0,0,0,0,0,0,0,0,0,0,0,0,0,0,0,0,5,5,5,5,5,62,62,62,62,62,62,62,62,62,62,62,62,62,62,62,62,62,76,76,76,76,76,76,76,76,76,76,76,76
Democratic Republic of Congo,COD,0,0,0,0,0,0,0,0,0,0,0,0,0,0,0,0,0,0,0,0,0,0,0,0,0,0,0,0,0,0,0,0,0,0,0,0,0,0,0,0,0,0,0,0,0,0,0,0,0,0,5,5,5,5,5,5,5,5,5,5,5,5,5,5,5,10,10,10,10,10,10,10,10,10,10,10,10,19,67,67,71,76,76,86,86,86,86,79,86,86,86,86,86,86,86,86,86,86,86,,,,,,,
Colombia,COL,0,0,0,0,0,0,0,0,0,0,0,0,0,0,0,0,0,0,0,0,7,7,7,7,7,7,7,7,7,7,7,7,7,7,7,7,7,7,7,7,7,7,7,7,7,7,7,7,7,7,7,7,7,7,17,17,17,17,17,17,17,17,17,17,17,17,17,17,17,17,17,17,17,17,17,31,45,45,45,45,45,45,60,60,88,88,88,88,88,88,88,88,88,88,88,88,88,88,88,88,88,88,88,95,95,95
Costa Rica,CRI,0,0,0,0,0,0,0,0,0,0,0,0,0,0,0,0,0,0,0,0,0,0,0,0,0,0,0,0,0,0,0,0,0,0,0,0,0,0,0,0,0,0,0,0,0,0,0,0,0,0,0,0,0,0,0,0,0,0,0,0,0,0,0,0,0,0,0,0,0,29,43,57,57,57,57,52,57,71,71,71,71,71,71,86,86,86,86,86,86,86,86,86,86,100,100,100,100,100,100,100,100,100,100,86,86,86
Cuba,CUB,0,0,0,0,0,0,0,0,0,0,0,0,0,0,0,0,0,0,0,0,0,0,0,0,0,0,0,14,14,14,14,14,14,14,14,14,14,14,14,14,14,14,14,14,14,14,14,14,14,14,14,14,14,14,14,14,14,14,14,14,14,14,14,14,14,14,14,14,14,14,14,14,14,14,14,14,14,14,14,67,67,67,67,67,67,67,67,67,67,67,67,67,67,67,67,67,67,,,,,,,,,
Cyprus,CYP,0,0,0,0,0,0,0,0,0,0,0,0,0,0,0,0,0,0,0,0,0,0,0,0,0,0,0,0,0,0,0,0,0,0,0,0,0,0,0,0,0,0,0,0,0,0,0,0,0,0,0,0,0,0,0,0,0,0,0,0,0,0,0,0,14,14,14,14,14,14,14,14,38,38,38,48,48,48,48,48,52,52,67,86,86,86,86,86,86,86,86,86,86,86,86,86,86,86,86,86,86,86,86,86,86,86
Czech Republic,CZE,0,0,0,0,0,0,0,0,0,0,0,0,0,0,0,0,0,0,0,0,0,0,0,0,0,0,0,0,0,0,0,0,0,0,0,0,0,0,0,0,0,0,0,0,0,0,0,0,0,0,0,0,0,0,0,0,0,0,0,0,0,0,0,0,0,14,24,24,24,24,52,52,52,67,67,86,86,86,86,86,86,86,86,86,86,86,86,86,86,86,86,86,86,86,86,86,86,86,86,86,86,86,86,86,,
Germany,DEU,0,0,0,0,0,0,0,0,0,0,0,0,0,0,0,0,0,0,0,0,0,0,0,0,0,0,7,7,7,7,7,7,7,7,7,7,7,7,7,7,7,7,7,7,7,7,7,7,7,7,7,7,7,7,7,7,7,7,12,21,21,21,21,21,21,21,21,21,21,21,21,21,21,21,21,45,45,55,55,60,60,74,74,74,74,74,74,74,74,74,74,74,74,74,74,74,74,74,74,,,,,,,
Djibouti,DJI,0,0,0,0,0,0,0,0,0,0,0,0,0,0,0,0,0,0,0,0,0,0,0,0,0,0,0,0,0,0,0,0,0,0,0,0,0,0,0,0,0,0,0,0,0,0,0,0,0,0,0,0,0,0,0,0,0,0,0,0,0,0,0,0,0,0,0,0,0,0,0,0,0,0,0,0,0,29,43,43,43,67,95,95,95,95,95,95,95,95,95,95,95,95,95,95,95,95,95,95,95,95,95,,,
Denmark,DNK,0,0,0,0,0,0,0,0,0,0,0,0,0,0,0,0,0,0,0,0,0,0,0,0,0,0,0,0,0,0,0,0,0,0,0,0,0,0,0,0,0,0,0,0,0,0,0,0,0,0,0,0,0,0,0,0,0,14,14,14,14,14,29,29,29,43,43,43,43,52,67,67,86,86,86,90,90,95,95,95,95,95,95,95,95,95,95,95,95,95,95,95,95,95,95,95,95,95,95,95,,,,,,
Dominican Republic,DOM,0,0,0,0,0,0,0,0,0,0,0,0,0,0,0,0,0,0,0,0,0,0,0,0,0,0,0,0,0,0,0,0,0,0,0,0,0,0,0,0,0,0,0,0,0,0,0,0,0,0,0,0,0,0,0,0,0,0,0,0,0,14,14,14,14,14,14,14,24,24,14,14,14,14,14,38,38,52,62,76,76,76,76,76,76,76,76,86,86,86,86,76,86,86,86,86,86,86,86,81,86,86,86,86,,
Algeria,DZA,0,0,0,0,0,0,0,0,0,0,0,0,0,0,0,0,0,0,0,0,0,0,0,0,0,0,0,0,0,0,0,0,0,0,0,0,0,0,0,0,0,0,0,0,0,0,0,0,0,0,0,0,0,0,0,0,0,0,0,0,0,0,0,0,14,14,14,14,14,14,14,33,33,33,33,33,33,48,48,57,57,76,86,86,86,86,86,86,86,86,86,90,90,90,90,95,95,95,95,95,95,95,95,95,,
Ecuador,ECU,0,0,0,0,0,0,0,0,0,0,0,0,0,0,0,0,0,0,0,0,0,0,0,0,0,14,14,14,14,14,14,14,14,14,14,14,14,14,14,14,14,14,14,14,14,14,14,14,14,14,14,14,14,14,14,14,14,14,14,14,14,19,19,19,19,19,19,19,19,19,19,19,48,48,57,57,86,86,86,86,86,86,86,86,86,86,86,86,86,86,86,100,100,100,100,100,100,100,100,100,100,100,100,100,100,100
Egypt,EGY,0,0,0,0,0,0,0,0,0,0,0,0,0,0,0,0,0,0,0,0,0,0,0,0,0,0,0,0,0,0,0,0,0,0,0,0,0,0,0,0,0,0,0,0,0,0,0,0,0,0,0,0,0,0,0,0,0,0,0,0,0,0,0,0,0,0,0,0,0,0,0,0,0,0,0,10,10,10,67,67,81,81,81,95,95,95,95,95,95,95,95,95,95,95,95,95,95,95,95,100,100,100,100,100,100,100
Spain,ESP,0,0,0,0,0,0,0,0,0,0,0,0,0,0,0,0,0,0,0,0,0,0,0,0,0,0,0,0,0,0,14,14,14,14,14,14,14,14,14,14,14,14,14,14,14,14,14,14,14,14,14,14,14,14,14,7,14,14,14,14,14,14,14,14,14,14,14,14,38,62,62,62,62,76,86,90,90,90,90,90,90,90,90,90,90,90,90,90,90,90,90,90,90,95,95,95,95,95,95,,,,,,,
Estonia,EST,0,0,0,0,0,0,0,0,0,0,0,0,0,0,0,0,0,0,0,0,0,0,0,0,0,0,0,0,0,0,0,0,0,0,0,0,0,0,0,0,0,0,0,0,0,0,0,0,0,0,0,0,0,0,0,0,0,0,0,0,0,0,0,0,0,10,10,10,10,10,10,57,57,57,57,57,67,67,67,67,67,67,67,67,81,81,81,81,81,81,81,81,81,81,81,81,81,81,81,81,81,81,,,,
Finland,FIN,0,0,0,0,0,0,0,0,0,0,0,0,0,0,0,0,0,0,0,0,0,0,0,0,0,0,0,0,0,0,0,0,0,0,0,0,0,0,0,0,0,0,0,0,0,0,0,0,0,0,0,0,0,0,0,0,0,0,0,0,0,0,0,14,14,14,14,14,14,14,14,33,33,33,33,48,48,76,81,90,90,90,90,90,90,90,90,90,90,90,90,90,90,90,90,90,90,90,90,90,90,90,90,90,90,90
France,FRA,0,0,0,0,0,0,0,0,0,0,0,0,0,0,0,0,0,0,0,0,0,0,5,12,12,12,12,12,12,12,17,17,17,17,17,17,17,17,17,17,17,17,17,17,17,17,17,17,17,17,17,17,17,17,17,24,24,24,24,38,38,38,48,48,48,48,48,48,48,48,48,48,48,48,48,62,90,81,95,95,95,95,95,95,95,95,95,95,95,95,95,95,95,95,95,95,95,95,95,95,95,95,95,95,95,95
United Kingdom,GBR,0,0,0,0,0,0,0,0,0,0,0,0,0,0,0,0,0,0,0,0,0,0,0,0,0,0,0,0,0,0,14,14,14,14,14,14,14,14,14,14,14,14,14,14,14,14,14,14,14,14,14,14,14,14,14,14,14,14,14,14,14,14,14,14,14,14,14,14,14,14,14,14,14,14,14,24,33,33,33,33,38,48,67,64,64,64,64,64,71,71,71,71,71,71,71,71,71,71,71,71,71,71,71,71,,
Ghana,GHA,0,0,0,0,0,0,0,0,0,0,0,0,0,0,0,0,0,0,0,0,0,0,0,5,5,5,5,5,5,5,5,5,5,5,5,5,5,5,5,5,5,5,5,5,5,5,5,5,5,5,5,5,5,5,5,5,5,5,5,5,5,5,5,5,5,5,5,5,5,5,19,19,19,19,19,48,57,57,57,57,57,57,57,57,57,57,57,57,57,67,67,67,67,67,67,67,67,,,,,,,,,
Gambia,GMB,0,0,0,0,0,0,0,0,0,0,0,0,0,0,0,0,0,0,0,0,0,0,0,0,0,0,0,0,0,0,0,0,0,0,0,0,0,0,0,0,0,0,0,0,0,0,0,0,0,0,0,0,0,0,0,0,0,0,0,0,0,0,0,0,0,0,0,0,0,0,0,0,0,0,0,0,0,62,62,62,62,62,76,76,76,76,76,76,76,76,76,76,76,76,76,76,76,76,76,76,76,76,76,76,,
Greece,GRC,0,0,0,0,0,0,0,0,0,0,0,0,0,0,0,0,0,0,0,0,0,0,0,0,0,0,0,0,0,0,0,0,0,0,0,0,0,0,0,0,0,0,0,0,0,0,0,0,0,0,0,0,0,0,0,14,14,14,14,24,24,14,14,14,24,24,24,24,38,38,43,43,43,43,43,52,52,52,52,52,62,62,67,67,67,67,67,67,67,67,67,67,,,,,,,,,,,,,,
Guatemala,GTM,0,0,0,0,0,0,0,0,0,0,0,0,0,0,0,0,0,0,0,0,5,5,5,5,5,5,5,19,19,19,24,24,24,24,24,24,24,24,24,24,24,24,24,24,24,24,24,24,24,24,24,24,24,24,24,24,24,24,24,24,24,24,24,24,24,33,43,43,43,43,43,48,48,48,62,62,100,100,100,100,100,100,100,100,100,100,100,100,100,100,100,100,100,100,100,100,100,100,100,100,100,100,100,100,100,100
Guam,GUM,,,,,,,,,,,,,,,,,,,,,,,,,,,,,,,,,,,,,,,,,,,,,,,,,,,,,,,,,,,,,,,,,,,,,,,,,,,,,,,,,,,,,,,,,,,,,,,,,,,,62,62,62,62,62,,
Guyana,GUY,0,0,0,0,0,0,0,0,0,0,0,0,0,0,0,0,0,0,0,0,0,0,0,0,0,0,0,5,5,5,5,5,5,5,5,5,5,5,5,5,5,5,5,5,5,5,5,5,5,5,5,5,5,5,5,5,5,5,5,5,5,5,5,5,5,5,5,5,5,5,33,33,33,33,33,48,48,57,57,57,57,57,57,57,57,57,57,67,67,67,71,71,71,86,86,86,86,86,,,,,,,,
Hong Kong,HKG,19,19,19,19,19,19,19,19,19,19,19,19,19,19,19,19,19,19,19,19,19,19,19,19,33,48,57,67,71,71,71,71,71,71,71,71,71,71,81,81,81,81,81,81,81,81,81,81,81,81,81,81,81,81,81,81,81,81,81,81,81,67,67,67,67,67,67,67,67,67,67,67,67,67,67,67,67,67,67,67,67,67,81,81,81,81,81,81,86,86,86,86,86,86,86,86,86,86,86,86,86,86,86,86,86,86
Honduras,HND,0,0,0,0,0,0,0,0,0,0,0,0,0,0,0,0,0,0,0,0,0,0,0,0,0,0,0,0,0,0,0,0,0,0,0,0,0,0,0,0,0,0,0,0,0,0,0,0,0,0,0,0,0,0,0,0,0,0,0,0,0,14,14,14,14,14,14,14,14,14,14,14,43,43,43,57,57,57,71,71,71,71,71,71,71,71,71,71,71,71,71,100,100,100,100,100,100,100,100,,,,,,,
Croatia,HRV,0,0,0,0,0,0,0,0,0,0,0,0,0,0,0,0,0,0,0,0,0,0,0,0,0,0,0,0,0,0,0,0,0,0,5,5,5,5,5,5,5,5,5,5,5,5,5,5,5,5,5,5,5,5,19,19,19,19,19,29,29,29,29,29,29,29,29,29,33,33,38,43,52,62,67,67,71,81,86,86,95,100,100,100,100,100,100,100,100,100,100,100,100,100,100,100,100,100,100,100,100,100,100,100,,
Hungary,HUN,0,0,0,0,0,0,0,0,0,0,0,0,0,0,0,0,0,0,0,0,0,0,0,0,0,0,0,0,0,0,0,0,0,0,0,0,0,0,0,0,0,0,0,0,0,0,0,0,0,0,0,0,0,0,0,0,0,0,14,14,14,14,14,14,14,14,14,14,29,29,67,67,67,67,67,86,86,86,86,86,86,86,86,86,86,86,86,90,90,90,90,90,90,90,90,90,90,90,90,,,,,,,
Indonesia,IDN,0,0,0,0,0,0,0,0,0,0,0,0,0,0,5,5,5,19,19,19,19,19,19,19,19,19,19,19,19,19,19,19,24,24,19,29,29,29,29,29,29,29,29,29,29,29,29,29,29,29,29,29,29,29,29,29,29,29,29,29,29,14,38,38,38,38,38,38,38,38,33,33,52,52,67,81,71,71,67,67,67,67,81,81,81,81,81,81,81,81,81,81,81,81,81,81,81,81,81,81,81,81,81,81,,
India,IND,0,0,0,0,0,0,0,0,0,0,0,0,0,0,0,0,0,0,0,0,0,0,0,0,0,5,5,5,5,5,12,12,12,12,12,21,21,21,21,21,21,21,21,21,21,21,21,21,21,21,21,29,29,29,29,29,29,29,29,29,29,29,38,38,48,48,48,48,48,48,48,48,48,48,48,62,62,67,76,86,86,90,90,90,100,100,100,100,100,100,100,100,100,100,100,100,100,100,100,100,100,100,100,100,100,100
Ireland,IRL,0,0,0,0,0,0,0,0,0,0,0,0,0,0,0,0,0,0,0,0,0,0,0,0,0,0,0,0,0,0,0,0,0,0,0,0,0,0,0,0,0,0,0,0,0,0,0,0,0,0,0,0,0,0,0,7,7,7,7,7,7,7,7,7,7,7,7,7,17,17,17,24,24,24,24,24,24,24,24,62,62,62,62,62,62,67,71,71,71,71,71,71,71,71,71,71,71,64,64,64,64,64,64,64,64,64
Iran,IRN,0,0,0,0,0,0,0,0,0,0,0,0,0,0,0,0,0,0,0,0,0,0,0,0,0,0,0,0,0,0,0,0,0,0,0,0,0,0,0,0,0,0,0,0,0,0,0,0,0,0,5,5,14,14,14,14,33,33,33,33,33,33,33,33,62,62,62,62,62,62,62,62,67,67,67,67,67,67,67,67,67,67,67,67,67,67,76,76,76,76,76,76,76,76,76,76,76,76,76,76,76,67,67,67,,
Iraq,IRQ,0,0,0,0,0,0,0,0,0,0,0,0,0,0,0,0,0,0,0,0,0,0,0,0,0,0,0,0,0,0,0,0,0,0,0,0,0,0,0,0,0,0,0,0,0,0,0,0,0,0,0,24,24,24,24,43,43,52,52,67,67,67,67,67,67,67,67,67,67,67,67,67,76,76,76,76,86,86,86,86,86,90,86,86,86,86,86,86,86,86,86,86,86,90,90,90,90,,,,,,,,,
Iceland,ISL,0,0,0,0,0,0,0,0,0,0,0,0,0,0,0,0,0,0,0,0,0,0,7,7,7,7,7,14,14,14,14,14,14,14,14,14,14,14,14,14,14,14,14,14,14,14,14,14,14,14,14,14,14,14,14,14,14,14,14,14,14,14,14,14,14,14,14,14,14,14,14,14,14,14,14,24,29,29,38,38,38,38,38,52,52,52,52,52,52,52,52,62,62,62,62,62,62,62,62,62,62,62,62,,,
Israel,ISR,0,0,0,0,0,0,0,0,0,0,0,0,0,0,0,0,0,0,0,0,0,0,0,0,0,0,0,0,0,0,0,0,14,14,14,14,14,14,14,29,29,29,29,29,29,29,29,29,29,29,29,29,29,29,29,29,29,29,29,29,29,29,29,38,38,38,38,38,38,38,38,38,52,52,67,76,86,90,90,95,95,95,95,95,100,100,100,100,100,100,100,100,100,100,100,100,100,100,100,,,,,,,
Italy,ITA,0,0,0,0,0,0,0,0,0,0,0,0,0,0,0,0,0,0,0,0,0,0,5,5,5,5,5,5,5,14,29,29,29,29,29,29,29,29,29,29,29,29,29,29,29,29,29,29,29,29,29,38,48,67,67,67,67,67,67,67,67,67,67,71,71,71,71,71,81,86,90,90,90,90,90,90,90,90,90,95,95,95,95,95,95,95,95,95,95,95,95,95,95,95,95,95,95,95,95,95,95,95,95,95,,
Jordan,JOR,0,0,0,0,0,0,0,0,0,0,0,0,0,0,0,0,0,0,0,0,0,0,0,0,0,0,0,0,0,0,0,0,0,0,0,0,0,0,0,0,0,0,0,0,0,0,0,0,0,0,0,0,0,0,0,0,0,0,0,0,0,0,14,14,14,14,14,14,14,29,29,29,29,29,43,43,43,86,86,86,100,100,100,100,100,100,100,100,100,100,100,100,100,100,100,100,100,100,100,100,,,,,,
Japan,JPN,0,0,0,0,0,0,5,5,5,5,5,5,5,5,5,5,5,5,5,5,5,5,5,5,5,5,5,5,5,5,5,5,5,5,19,19,19,19,19,19,19,19,19,19,19,19,19,19,19,19,29,29,29,29,29,48,48,48,48,48,48,57,57,57,57,57,57,57,62,62,62,62,62,62,62,62,62,62,62,62,62,62,62,62,62,62,62,62,62,62,62,62,62,67,67,67,67,67,67,67,67,67,67,67,67,67
Kazakhstan,KAZ,0,0,0,0,0,0,0,0,0,0,0,0,0,0,0,0,0,0,0,0,0,0,0,0,0,0,0,0,0,0,0,0,0,0,0,0,0,0,0,0,0,0,0,0,0,0,0,0,0,0,0,0,0,0,0,0,0,0,0,0,0,0,0,0,0,0,0,0,0,0,0,14,24,24,24,57,57,57,76,76,76,76,76,76,76,76,76,76,76,86,86,86,86,86,86,86,86,86,86,86,,,,,,
Kenya,KEN,0,0,0,0,0,0,0,0,0,0,0,0,0,0,0,0,0,0,0,5,5,5,5,5,5,5,5,5,5,5,5,5,5,5,5,5,5,5,5,5,5,5,5,5,5,5,5,5,5,5,5,5,5,5,5,19,19,19,19,19,19,19,19,19,19,19,19,19,19,19,19,19,33,33,55,55,55,55,55,55,55,55,55,55,55,64,64,64,64,64,60,60,60,60,60,60,60,60,86,86,86,86,86,86,86,83
Kyrgyz Republic,KGZ,0,0,0,0,0,0,0,0,0,0,0,0,0,0,0,0,0,0,0,0,0,0,0,0,0,0,0,0,0,0,0,0,0,0,0,0,0,0,0,0,0,0,0,0,0,0,0,0,0,0,0,0,0,0,0,0,0,0,0,0,10,10,10,10,10,10,10,10,10,10,10,24,24,24,24,38,43,43,43,43,43,43,43,43,79,79,79,79,79,79,79,79,79,79,79,79,79,79,79,79,79,79,79,79,,
South Korea,KOR,0,0,0,0,0,0,0,0,0,0,0,0,0,0,0,0,0,0,0,14,14,14,14,14,14,14,14,14,14,14,19,19,19,43,43,43,43,43,43,43,43,43,43,43,43,43,43,43,43,43,43,52,52,62,62,62,62,62,62,62,62,62,62,62,62,62,62,62,62,62,62,62,62,62,62,62,62,62,62,62,71,81,81,81,81,81,81,81,81,81,81,81,81,81,81,81,81,81,81,81,67,67,67,67,67,67
Kuwait,KWT,0,0,0,0,0,0,0,0,0,0,0,0,0,0,0,0,0,0,0,0,0,0,14,14,14,14,14,14,14,14,14,14,14,14,14,14,14,14,14,14,14,14,14,14,14,14,14,14,14,14,14,19,19,19,19,19,19,19,19,19,38,38,38,38,38,38,48,48,48,48,67,81,81,81,81,81,81,81,81,81,81,95,95,95,95,95,95,95,95,95,95,95,95,95,95,95,95,95,95,95,95,95,95,95,95,95
Laos,LAO,0,0,0,0,0,0,0,0,0,0,0,0,0,0,0,0,0,0,0,0,0,0,0,0,0,0,0,0,0,0,0,0,0,0,0,0,0,0,0,0,0,0,0,0,0,0,0,0,0,0,0,0,0,0,0,0,0,0,0,0,0,0,0,0,0,0,0,0,0,0,24,24,24,24,33,33,43,43,43,43,43,43,43,43,43,48,48,48,67,95,100,100,100,100,100,100,100,100,100,100,100,100,,,,
Lebanon,LBN,0,0,0,0,0,0,0,0,0,0,0,0,0,0,0,0,0,0,0,0,0,0,0,0,0,0,0,0,0,0,0,0,0,0,0,0,0,0,0,0,0,0,0,5,5,5,5,5,5,5,5,19,19,19,19,19,19,19,29,29,43,43,43,43,43,43,43,43,43,43,43,57,57,57,57,86,86,100,100,100,100,100,100,90,100,100,100,100,100,100,100,100,100,100,100,95,95,,,,,,,,,
Libya,LBY,0,0,0,0,0,0,0,0,0,0,0,0,0,0,0,0,0,0,0,0,0,0,0,0,14,14,14,14,14,14,14,14,14,14,14,14,14,14,14,14,14,14,14,14,14,14,14,14,14,14,14,14,14,14,14,14,14,14,14,14,14,14,14,14,14,14,14,14,19,19,19,19,19,36,52,81,81,81,81,81,95,95,95,95,95,95,95,95,95,95,95,95,95,95,95,95,95,95,95,95,95,95,95,95,95,95
Sri Lanka,LKA,0,0,0,0,0,0,0,0,0,0,0,0,0,0,0,0,0,0,0,0,0,0,0,0,0,14,14,29,29,29,29,29,29,29,29,29,29,29,29,29,29,29,29,29,29,29,29,29,29,29,29,29,29,29,33,33,33,33,33,33,33,33,33,33,33,33,33,33,33,33,33,33,48,67,67,81,81,81,81,90,95,95,95,95,95,95,100,100,100,100,100,100,100,100,100,100,100,100,100,,,,,,,
Lesotho,LSO,0,0,0,0,0,0,0,0,0,0,0,0,0,0,0,0,0,0,0,0,0,0,0,0,0,0,0,0,0,0,0,0,0,0,0,0,0,0,0,0,0,0,0,0,0,0,0,0,0,0,0,0,0,0,0,0,0,0,0,0,0,0,0,0,0,10,10,10,10,10,10,10,10,10,10,10,10,67,67,67,67,67,67,67,67,67,67,67,71,71,71,71,71,,,,,,,,,,,,,
Luxembourg,LUX,0,0,0,0,0,0,0,0,0,0,0,0,0,0,0,0,0,0,0,0,0,0,0,0,0,0,0,0,0,0,0,0,0,0,0,0,0,0,0,0,0,0,0,0,0,0,0,0,0,0,0,0,0,0,0,0,0,0,0,0,0,0,0,0,14,14,14,14,19,19,19,38,43,43,57,71,81,81,81,81,81,81,81,81,81,81,81,81,81,81,81,81,81,81,81,81,81,81,81,81,,,,,,
Macao,MAC,14,14,14,14,14,19,19,19,19,19,19,19,19,19,19,19,19,19,19,19,19,19,33,43,43,43,43,43,48,48,48,48,57,71,71,71,71,71,71,71,71,71,71,71,71,71,71,76,76,76,62,62,62,62,62,62,62,62,62,62,62,62,62,62,62,62,62,62,62,62,62,62,62,62,62,62,62,67,67,67,67,67,67,67,67,67,67,67,67,67,67,67,67,67,67,67,67,67,67,67,67,67,67,67,67,67
Morocco,MAR,0,0,0,0,0,0,0,0,0,0,0,0,0,0,0,0,0,0,0,0,0,0,0,0,0,0,0,0,0,0,0,0,0,0,0,0,0,0,0,0,0,0,0,0,0,0,0,0,0,0,0,0,0,0,0,0,0,0,0,0,0,0,0,7,0,0,0,0,0,0,0,0,17,10,24,43,43,43,52,62,71,71,71,71,86,86,86,86,86,86,86,86,86,86,86,86,86,,,,,,,,,
Madagascar,MDG,0,0,0,0,0,0,0,0,0,0,0,0,0,0,0,0,0,0,0,0,0,0,0,0,0,0,0,0,0,0,0,0,0,0,0,0,0,0,0,0,0,0,0,0,0,0,0,0,0,0,0,0,0,0,0,0,0,0,0,0,0,0,0,0,0,0,0,0,0,0,0,0,0,0,14,14,14,14,14,14,86,86,100,100,100,100,100,100,100,100,100,100,100,100,100,100,100,100,100,100,100,100,100,100,100,100
Mexico,MEX,0,0,0,0,0,0,0,0,0,0,0,0,0,0,0,0,0,0,0,0,0,0,0,0,0,0,0,0,0,0,0,0,0,0,0,0,0,0,0,0,0,0,0,0,0,0,0,0,0,0,0,0,0,0,0,0,0,0,5,5,5,5,5,5,5,5,5,5,5,5,5,5,5,5,5,5,5,5,5,14,14,14,29,67,67,81,81,81,81,86,86,86,86,86,86,86,86,86,86,86,86,86,86,86,86,
Mali,MLI,0,0,0,0,0,0,0,0,0,0,0,0,0,0,0,0,0,0,0,0,0,0,0,0,0,0,0,0,0,0,0,0,0,0,0,0,0,0,0,0,0,0,0,0,0,0,0,0,0,0,0,0,0,0,0,0,0,0,0,0,0,0,0,0,0,0,0,0,0,0,0,0,0,0,0,0,0,0,57,57,57,57,57,57,86,86,86,86,86,86,86,86,86,86,86,86,86,86,86,86,86,86,86,86,,
Myanmar,MMR,0,0,0,0,0,7,7,7,7,7,7,7,7,7,7,7,7,7,7,7,7,7,7,7,7,7,7,7,7,7,7,12,12,12,12,12,12,12,12,12,12,12,12,12,12,12,12,19,19,19,19,19,19,19,19,19,19,19,19,19,19,19,19,19,19,19,19,19,19,19,19,19,33,33,38,43,43,43,43,48,48,48,48,48,48,62,62,62,62,67,67,76,76,76,76,76,76,,,,,,,,,
Mongolia,MNG,14,14,14,14,14,14,14,14,14,14,14,14,14,14,14,14,14,14,14,14,29,29,29,29,29,29,67,67,67,67,67,67,67,67,67,67,67,67,67,67,67,67,67,67,67,67,67,67,67,67,67,86,86,86,86,86,86,86,76,76,76,76,76,76,76,76,76,76,76,76,76,76,76,76,76,76,67,67,67,67,67,67,67,67,67,67,67,67,67,67,67,67,67,67,67,67,67,67,67,67,67,71,71,67,67,67
Mozambique,MOZ,0,0,0,0,0,0,0,0,0,0,0,0,0,0,0,0,0,0,0,0,0,0,0,0,0,0,0,0,0,0,0,0,0,0,0,0,0,0,0,0,0,0,0,0,0,0,0,0,0,0,0,0,0,0,0,0,0,0,0,0,0,0,0,0,0,0,0,0,0,0,0,0,0,0,0,0,0,0,10,26,26,26,26,52,52,52,52,52,52,52,52,74,69,69,69,69,69,69,69,69,69,69,69,69,,
Mauritania,MRT,0,0,0,0,0,0,0,0,0,0,0,0,0,0,0,0,0,0,0,0,0,0,0,0,0,0,0,0,0,0,0,0,0,0,0,10,10,10,10,10,10,10,10,10,10,10,10,10,10,10,10,10,10,10,10,10,10,10,10,10,10,10,10,10,10,10,10,10,10,10,10,10,10,10,10,24,24,24,38,38,38,38,38,43,43,43,52,52,67,67,67,67,67,67,67,67,67,67,67,67,67,67,67,67,,
Mauritius,MUS,0,0,0,0,0,0,0,0,0,0,0,0,0,0,0,0,0,0,0,0,0,0,0,0,0,0,0,0,0,0,0,0,0,0,0,0,0,0,0,0,0,0,0,0,0,0,0,0,0,0,0,0,0,0,0,0,0,0,0,0,0,0,0,0,0,0,0,0,0,0,0,0,0,0,0,0,0,14,29,71,71,71,86,86,86,100,100,100,100,100,100,100,100,100,100,100,100,71,71,71,57,57,57,57,57,57
Malawi,MWI,0,0,0,0,0,0,0,0,0,0,0,0,0,0,0,0,0,0,0,0,0,0,0,0,0,0,0,0,0,0,0,0,0,0,0,0,0,0,0,0,0,0,0,0,0,0,0,0,0,0,0,0,0,0,0,0,0,0,0,0,0,0,0,0,0,0,14,14,14,14,14,14,14,14,14,24,24,24,24,43,43,43,52,52,52,52,52,52,52,52,52,52,52,52,52,52,52,57,57,57,57,57,,,,
Malaysia,MYS,0,0,0,0,0,0,0,0,0,0,0,0,0,0,0,14,14,14,14,14,14,14,14,14,14,14,14,14,14,29,29,29,29,29,29,29,29,29,29,29,29,29,29,29,29,29,29,29,29,29,29,29,29,29,29,29,29,29,29,29,29,29,29,29,29,29,33,33,33,33,33,43,43,43,43,43,43,86,86,86,86,86,86,86,86,86,86,86,86,86,86,86,86,86,86,86,86,86,86,86,86,86,86,86,86,
Namibia,NAM,0,0,0,0,0,0,0,0,0,0,0,0,0,0,0,0,0,0,0,0,0,0,0,0,0,0,0,0,0,0,0,0,0,0,0,0,0,0,0,0,0,0,0,0,0,0,0,0,0,0,0,0,0,0,0,0,0,0,0,0,5,5,5,5,5,5,5,5,5,5,5,5,5,14,14,14,57,57,57,57,57,57,57,57,57,57,67,67,67,67,67,67,67,67,67,67,67,67,67,67,67,67,67,,,
Niger,NER,0,0,0,0,0,0,0,0,0,0,0,0,0,0,0,0,0,0,0,0,0,0,0,0,0,0,0,0,0,0,0,0,0,0,0,0,0,0,0,0,0,0,0,0,0,0,0,0,0,0,0,0,0,0,0,0,0,0,0,0,0,0,0,0,0,0,0,0,0,0,0,0,14,14,14,14,29,29,43,57,57,57,57,57,57,57,57,67,67,67,67,67,67,67,67,67,67,67,67,67,67,67,67,67,,
Nigeria,NGA,0,0,0,0,0,0,0,0,0,0,0,0,0,0,0,0,0,0,0,0,0,19,19,19,19,19,19,19,19,19,19,19,19,19,19,19,19,19,19,19,19,19,19,19,19,19,19,19,19,19,19,19,19,19,19,19,19,19,19,19,19,19,19,19,19,19,19,19,19,19,19,19,19,19,19,19,19,33,33,52,52,52,71,71,71,71,71,71,76,81,81,81,81,81,81,81,81,81,81,81,81,81,81,,,
Nicaragua,NIC,0,0,0,0,0,0,0,0,0,0,0,0,0,0,0,0,0,0,0,0,0,0,0,0,0,0,0,0,0,0,0,0,0,0,0,0,0,0,0,0,0,0,0,0,0,0,0,0,0,0,0,5,5,5,5,12,12,12,12,12,12,12,12,12,12,12,12,12,12,12,12,12,12,12,12,12,12,12,12,12,12,12,12,12,12,12,12,12,12,12,12,12,12,12,12,12,12,12,12,12,12,12,12,12,,
Netherlands,NLD,0,0,0,0,0,0,0,0,0,0,0,0,0,0,0,0,0,0,0,0,0,0,0,0,0,0,0,0,0,0,0,0,0,0,0,0,0,0,0,0,0,0,0,0,0,0,0,0,0,0,0,0,0,0,0,0,0,0,0,0,0,0,0,0,0,5,5,5,12,21,21,48,48,48,67,67,67,81,81,81,81,81,86,86,86,86,86,86,86,86,86,86,86,86,86,86,86,86,86,,,,,,,
Norway,NOR,0,0,0,0,0,0,0,0,0,0,0,0,0,0,0,0,0,0,0,0,0,0,0,0,0,0,0,0,0,0,14,14,14,14,14,14,14,14,14,14,14,14,14,14,14,14,14,14,14,14,14,14,14,14,14,14,14,14,14,14,14,14,14,14,14,14,14,14,14,24,24,52,52,62,67,76,76,76,76,76,76,76,86,86,86,86,86,86,86,86,86,86,86,86,86,86,86,86,86,86,86,86,86,86,86,86
New Zealand,NZL,0,0,0,0,0,0,0,0,0,0,0,0,0,0,0,0,0,0,0,0,0,0,0,0,0,0,0,0,0,0,0,0,14,14,14,14,14,14,14,14,14,14,14,14,14,14,14,14,14,14,14,14,14,14,14,14,14,14,14,29,29,29,29,29,29,29,29,29,29,29,29,29,29,29,29,43,43,43,43,43,43,43,57,67,67,100,100,100,100,100,100,100,100,100,100,100,100,100,100,100,100,100,100,100,100,100
Oman,OMN,0,0,0,0,0,0,0,0,0,0,0,0,0,0,0,0,0,0,0,0,0,0,0,0,0,14,14,14,14,14,14,14,14,24,24,24,24,24,24,24,24,24,24,24,24,24,24,24,24,24,24,24,24,24,24,24,24,24,24,24,24,24,24,24,24,24,24,24,24,24,24,24,24,24,38,38,52,67,67,67,67,76,76,76,76,76,90,90,95,95,95,100,100,95,95,95,100,100,100,100,100,100,100,100,,
Pakistan,PAK,0,0,0,0,0,0,0,0,0,0,0,0,0,0,0,0,0,0,0,0,0,0,0,0,0,0,0,0,0,0,0,0,0,0,0,0,0,0,0,0,0,0,14,14,14,14,14,14,14,14,14,14,14,29,29,29,29,48,43,43,48,43,43,43,43,43,43,43,43,43,43,43,67,67,67,67,67,67,67,67,67,67,67,100,100,100,100,100,100,100,100,100,100,100,100,100,100,100,100,100,100,100,100,100,95,100
Panama,PAN,0,0,0,0,0,0,0,0,0,0,0,0,0,0,0,0,0,0,0,0,0,14,0,0,0,0,0,19,19,19,19,19,19,19,19,19,19,19,19,19,19,19,19,19,19,19,19,19,19,19,19,19,19,19,19,19,19,19,19,19,19,19,19,19,19,19,19,19,19,19,19,33,95,95,95,95,95,95,90,90,90,90,90,90,90,90,90,90,90,90,90,90,90,90,90,90,90,,,,,,,,,
Peru,PER,0,0,0,0,0,0,0,0,0,0,0,0,0,0,0,0,0,0,0,0,0,0,0,0,0,0,0,0,0,0,0,0,0,0,0,0,0,0,0,0,0,0,0,0,0,0,0,0,0,0,0,0,0,0,0,0,0,0,0,0,0,0,0,0,14,19,19,19,19,19,33,57,57,57,57,76,81,81,81,81,81,81,81,81,81,81,81,81,81,81,81,81,86,86,86,86,86,86,86,86,86,86,86,86,86,86
Philippines,PHL,0,0,0,0,0,0,0,0,0,0,0,0,0,0,0,0,0,0,0,0,0,0,0,7,7,7,7,7,7,7,29,29,29,29,29,29,29,38,38,38,38,38,38,38,38,38,38,31,31,43,43,43,43,43,43,43,43,43,38,38,38,52,52,52,52,52,52,52,52,52,52,52,86,86,86,86,86,86,86,86,86,86,86,86,86,86,86,86,86,86,86,86,86,86,86,86,86,86,,,,,,,,
Papua New Guinea,PNG,0,0,0,0,0,0,0,0,0,0,0,0,0,0,0,0,0,0,0,0,0,0,0,0,0,0,14,19,29,29,29,29,29,29,29,29,29,29,29,29,29,29,29,29,29,29,29,29,29,29,29,29,29,29,29,29,29,29,29,29,29,29,29,29,29,29,29,29,29,29,29,29,29,29,29,29,29,29,29,29,29,29,43,95,95,95,95,95,95,95,81,81,81,81,81,95,95,95,,,,,,,,
Poland,POL,0,0,0,0,0,0,0,0,0,0,0,0,0,0,0,0,0,0,0,0,0,0,7,7,7,7,7,7,7,7,7,7,7,7,7,7,7,7,7,7,7,7,7,7,7,7,7,7,7,7,7,7,7,7,7,7,7,14,14,14,14,14,14,14,14,14,14,14,19,33,33,57,71,71,81,81,81,81,81,81,81,81,81,81,81,81,81,81,81,81,86,86,86,86,86,86,86,86,86,95,95,95,95,95,95,95
Puerto Rico,PRI,0,0,0,0,0,0,0,0,0,0,0,0,0,0,0,0,0,0,0,0,0,0,0,0,0,0,0,0,0,0,0,0,0,0,0,0,0,0,0,0,0,0,0,0,0,0,0,0,0,0,0,0,0,0,0,0,0,0,0,0,0,0,0,0,0,14,14,14,14,14,14,33,48,62,81,81,81,81,81,81,81,81,81,81,81,81,81,81,81,81,81,81,81,81,81,81,81,,,,,,,,,
Portugal,PRT,0,0,0,0,0,0,0,0,0,0,0,0,0,0,0,0,0,0,0,0,0,0,0,0,0,14,14,14,14,14,14,14,14,14,14,14,14,14,14,14,14,14,14,14,14,14,14,14,14,14,14,14,14,14,14,14,14,14,14,14,14,14,14,14,14,14,14,14,14,29,29,38,52,52,52,62,62,62,81,81,81,81,81,81,81,81,81,81,81,81,81,81,81,81,86,86,86,86,86,86,95,95,95,95,100,100
Paraguay,PRY,0,0,0,0,0,0,0,0,0,0,0,0,0,0,0,0,0,0,0,0,0,0,14,14,14,14,14,14,14,14,14,14,14,14,14,14,14,14,14,14,14,14,14,14,14,14,14,14,14,14,14,14,14,14,14,14,14,14,14,14,14,14,14,14,14,14,14,14,14,43,43,43,57,57,57,86,86,86,86,86,95,95,95,95,95,95,95,95,95,95,95,95,95,95,95,95,95,95,95,95,95,95,95,81,81,81
Qatar,QAT,0,0,0,0,0,0,0,0,0,0,0,0,0,0,0,0,0,0,0,0,0,14,14,19,19,19,19,19,19,19,19,19,29,29,29,29,29,29,29,29,29,29,29,29,29,29,29,29,29,29,29,29,29,29,29,29,29,29,29,29,43,43,43,43,43,43,43,43,43,57,67,67,67,67,81,81,90,90,90,90,90,90,90,95,95,95,95,95,95,95,95,95,95,95,95,95,95,95,95,95,95,95,95,95,95,95
Kosovo,RKS,0,0,0,0,0,0,0,0,0,0,0,0,0,0,0,0,0,0,0,0,0,0,0,0,0,0,0,0,0,0,0,0,0,0,0,0,0,0,0,0,0,0,0,0,0,0,0,0,0,0,0,0,0,0,0,0,0,0,0,0,0,0,0,0,0,0,0,0,0,0,19,33,62,62,86,86,86,86,86,86,86,86,90,90,90,90,90,90,90,90,90,90,90,90,90,90,90,90,90,90,90,90,90,90,,
Romania,ROU,0,0,0,0,0,0,0,0,0,0,0,0,0,0,0,0,0,0,0,0,0,0,0,0,0,0,5,5,5,5,5,5,5,5,5,5,5,5,5,5,5,5,10,10,10,10,10,10,10,10,10,10,10,10,10,24,24,24,24,24,24,24,24,24,24,24,24,38,38,38,52,71,71,71,71,71,71,71,71,71,81,81,86,86,71,71,71,71,71,71,95,86,95,81,81,81,81,81,81,81,81,81,81,81,,
Russia,RUS,0,0,0,0,0,0,0,0,0,0,0,0,0,0,0,0,0,0,0,0,0,0,0,0,0,0,0,0,0,14,14,14,14,14,14,14,14,14,14,14,14,14,14,14,14,14,14,14,14,14,14,14,14,14,14,14,14,14,14,14,14,14,14,14,24,24,24,24,24,33,33,33,33,33,33,52,57,57,62,62,67,67,71,71,71,71,71,71,71,86,86,86,86,86,86,86,86,86,86,86,,,,,,
Rwanda,RWA,0,0,0,0,0,0,0,0,0,0,0,0,0,0,0,0,0,0,0,0,0,0,0,0,0,0,0,0,0,0,0,0,0,0,0,0,0,0,0,0,0,0,0,0,0,0,0,0,0,0,0,0,0,0,0,0,0,0,0,0,0,0,0,0,0,0,0,0,0,0,14,14,14,14,24,38,38,38,38,62,74,74,74,74,74,74,74,74,74,74,74,74,74,74,74,74,74,74,74,74,74,74,74,74,74,
Saudi Arabia,SAU,0,0,0,0,0,0,0,0,0,0,0,0,0,0,0,0,0,0,0,0,0,0,0,0,0,0,0,0,0,14,14,14,14,14,14,14,14,14,14,14,14,14,14,14,14,14,14,14,14,14,14,14,14,14,14,14,14,14,24,24,24,24,24,24,24,24,24,33,48,48,48,48,48,76,86,86,86,86,86,90,90,90,90,90,95,95,95,95,95,95,95,95,95,95,95,95,95,95,95,95,95,95,95,95,95,95
Singapore,SGP,0,19,19,19,19,19,19,19,19,19,19,19,19,19,19,19,19,19,19,19,19,19,29,29,29,29,29,29,29,29,29,29,29,29,29,29,29,33,33,33,33,33,33,33,33,33,33,33,33,33,33,33,33,33,33,33,33,33,33,33,33,33,33,33,33,33,33,33,33,33,33,33,38,38,38,38,38,38,38,38,38,38,38,38,38,38,43,43,43,43,43,43,43,43,43,43,43,48,62,,,,,,,
Sierra Leone,SLE,0,0,0,0,0,0,0,0,0,0,0,0,0,0,0,0,0,0,0,0,0,0,0,0,0,0,0,0,0,0,0,0,0,0,0,0,0,0,0,0,0,0,0,0,0,0,0,0,0,0,0,0,0,0,0,0,0,0,0,0,0,0,0,0,0,0,0,0,0,0,0,0,0,0,0,0,0,0,0,14,29,43,43,43,43,43,43,43,43,43,57,57,71,71,71,100,100,100,,,,,,,,
El Salvador,SLV,0,0,0,0,0,0,0,0,0,0,0,0,0,0,0,0,0,0,0,0,0,0,14,14,14,14,14,14,14,14,29,29,29,29,29,29,29,29,29,29,29,29,29,29,29,29,29,29,29,29,29,29,29,29,29,29,29,29,29,29,29,29,29,29,29,29,29,29,29,29,48,62,62,62,62,62,71,71,71,71,86,86,86,86,86,86,86,86,86,86,86,86,86,86,86,86,86,86,71,71,71,71,71,71,71,71
San Marino,SMR,0,0,0,0,0,0,0,0,0,0,0,0,0,0,0,0,0,0,0,0,0,0,0,0,0,0,0,0,0,0,0,0,0,0,0,0,0,0,0,0,0,0,0,0,0,0,0,0,0,0,0,0,0,24,24,38,38,38,38,38,43,43,43,43,43,43,43,76,76,76,76,76,76,76,90,90,90,90,90,90,90,90,90,90,90,90,90,90,90,90,90,90,90,90,90,90,90,76,76,76,76,76,76,76,76,76
Serbia,SRB,0,0,0,0,0,0,0,0,0,0,0,0,0,0,0,0,0,0,0,0,0,5,5,5,5,5,5,5,5,5,5,5,5,5,5,5,5,5,5,5,5,5,5,5,5,5,5,5,5,5,5,5,5,5,5,19,19,19,19,19,19,19,19,19,19,19,19,19,19,19,43,43,43,43,43,67,67,67,67,67,100,100,100,100,100,100,100,100,100,100,100,100,100,100,100,100,100,100,,,,,,,,
South Sudan,SSD,0,0,0,0,0,0,0,0,0,0,0,0,0,0,0,0,0,0,0,0,0,0,0,0,0,0,0,0,0,0,0,0,0,0,0,0,0,0,0,0,0,0,0,0,0,0,0,0,0,0,0,0,0,0,10,10,10,10,10,10,10,10,10,10,10,10,10,10,10,10,10,10,14,14,14,43,43,43,29,43,57,57,57,57,90,90,90,90,76,90,90,90,90,90,90,90,90,81,,81,81,81,,81,81,
Slovak Republic,SVK,0,0,0,0,0,0,0,0,0,0,0,0,0,0,0,0,0,0,0,0,0,0,0,0,0,0,0,0,0,0,0,0,0,0,0,0,0,0,0,0,0,0,0,0,0,0,0,0,0,0,0,0,0,0,0,0,0,0,0,0,0,0,0,0,0,10,10,10,43,48,48,57,71,71,71,81,81,81,81,81,81,81,81,81,81,81,81,81,81,81,81,81,81,81,81,81,81,81,86,86,,,,,,
Slovenia,SVN,0,0,0,0,0,0,0,0,0,0,0,0,0,0,0,0,0,0,0,0,0,0,0,0,0,0,0,0,0,0,0,0,0,0,0,0,0,0,0,0,0,0,0,0,0,0,0,0,0,0,0,0,0,0,0,0,0,0,0,0,0,0,0,14,14,14,29,29,29,43,43,57,57,57,57,86,86,86,86,100,100,100,100,100,100,100,100,100,100,100,100,100,100,100,100,100,100,100,100,100,100,100,100,100,,
Sweden,SWE,0,0,0,0,0,0,0,0,0,0,0,0,0,0,0,0,0,0,0,0,0,0,0,0,0,0,0,0,0,0,0,0,0,0,0,0,0,0,0,0,0,0,0,0,0,0,0,0,0,0,0,0,0,0,0,0,0,0,0,0,0,0,0,0,0,0,0,0,14,14,14,29,29,29,29,29,29,29,43,43,43,43,43,43,43,43,43,43,43,43,43,43,43,43,52,52,52,52,52,52,52,52,52,52,,
Eswatini,SWZ,0,0,0,0,0,0,0,0,0,0,0,0,0,0,0,0,0,0,0,0,0,0,0,0,0,0,0,0,0,0,0,0,0,0,0,0,0,0,0,0,0,0,0,0,0,0,0,0,0,0,0,0,0,0,0,0,0,0,0,7,7,7,7,7,7,7,7,7,7,7,7,7,7,17,17,17,57,50,50,50,50,50,50,50,50,50,50,50,50,50,50,50,50,76,76,76,76,76,76,76,76,76,76,76,76,71
Seychelles,SYC,0,0,0,0,0,0,0,0,0,0,0,0,0,0,0,0,0,0,0,0,0,0,0,0,0,0,0,0,14,14,14,14,14,14,14,14,14,24,24,24,24,24,24,24,24,24,24,24,24,24,24,24,24,24,24,24,24,24,24,24,24,24,24,24,24,24,24,24,24,29,29,29,29,29,38,48,48,48,48,48,48,52,57,57,57,57,57,57,57,57,57,57,57,57,57,57,57,57,86,86,86,86,86,86,,
Syria,SYR,0,0,0,0,0,0,0,0,0,0,0,0,0,0,0,0,0,0,0,0,0,0,0,0,0,0,0,0,0,0,0,5,5,5,5,5,5,5,5,5,5,5,5,5,5,5,5,5,5,5,5,5,5,5,5,5,5,5,5,5,5,5,5,5,5,5,5,29,29,29,29,29,29,43,52,52,52,52,52,71,71,81,95,95,95,95,95,95,95,95,95,100,100,100,100,100,100,100,100,100,100,100,100,100,100,100
Chad,TCD,0,0,0,0,0,0,0,0,0,0,0,0,0,0,0,0,0,0,0,0,0,0,0,0,0,0,0,0,0,0,0,0,0,0,0,0,0,0,0,0,0,0,0,0,0,0,0,0,0,0,0,0,0,0,0,0,0,0,0,0,0,0,0,0,0,0,0,14,14,14,14,14,14,14,14,14,14,14,43,43,57,57,57,57,57,57,57,57,57,57,57,57,67,67,67,67,67,67,67,67,67,67,67,67,,
Thailand,THA,0,0,0,0,0,0,0,0,0,0,0,0,0,0,0,0,0,0,0,0,0,0,0,0,0,0,0,0,0,0,0,0,0,0,0,0,0,0,0,0,0,0,0,0,0,0,0,0,0,0,0,0,0,0,0,0,0,0,0,0,0,0,0,0,0,24,24,24,24,33,33,33,33,33,38,38,48,57,57,67,67,62,62,62,71,71,71,71,71,71,71,71,71,86,86,86,86,86,,,,,,,,
Trinidad and Tobago,TTO,0,0,0,0,0,0,0,0,0,0,0,0,0,0,0,0,0,0,0,0,0,0,0,0,0,0,0,0,0,10,10,10,10,10,10,10,10,10,10,10,10,10,10,10,10,10,10,10,10,10,10,10,10,10,10,10,10,10,10,10,10,10,10,24,24,24,24,24,24,24,24,24,33,48,48,57,57,57,57,57,62,62,67,67,67,67,67,67,67,86,86,86,86,86,86,86,86,86,86,86,86,86,86,86,,
Tunisia,TUN,0,0,0,0,0,0,0,0,0,0,0,0,0,0,0,0,0,0,0,0,0,0,0,0,0,0,0,0,0,0,0,0,0,0,0,0,0,0,0,0,0,0,0,0,0,0,0,0,0,0,0,0,0,0,0,0,0,0,0,0,0,0,0,17,17,17,17,17,38,38,38,38,38,38,38,62,62,71,71,71,71,100,100,100,100,100,100,100,100,100,100,100,100,100,100,100,100,,,,,,,,,
Turkey,TUR,0,0,0,0,0,0,0,0,0,0,0,0,0,0,0,0,0,0,0,0,0,0,0,5,5,5,5,5,5,5,5,5,5,5,5,14,14,29,29,29,29,29,29,29,29,29,29,29,29,29,29,29,29,29,29,29,29,29,29,29,29,29,29,29,29,29,29,29,38,38,38,38,38,38,38,67,67,67,67,67,71,81,81,95,95,95,95,95,95,95,95,95,95,95,95,95,95,95,95,95,95,95,95,95,95,95
Taiwan,TWN,0,0,0,0,0,0,0,0,0,0,0,0,0,0,0,0,0,0,0,14,14,14,14,14,14,14,14,14,14,14,14,14,29,29,29,29,29,33,33,33,33,33,33,33,33,33,33,38,38,38,38,38,38,48,43,43,29,29,29,29,29,24,24,24,33,33,33,33,33,33,33,33,33,33,43,43,43,43,48,48,48,48,48,48,48,48,43,38,38,38,38,38,38,38,38,38,38,38,38,38,38,38,38,38,38,
Tanzania,TZA,0,0,0,0,0,0,0,0,0,0,0,0,0,0,0,0,0,0,0,0,0,0,0,0,0,0,0,0,0,0,0,14,0,0,0,0,0,0,0,0,0,0,0,0,0,0,0,0,0,0,0,0,0,0,0,0,0,0,0,0,0,0,0,0,0,0,0,0,0,0,0,0,0,5,14,5,19,33,33,33,43,57,57,57,62,69,71,71,71,71,71,71,71,71,71,71,71,55,55,55,45,45,50,50,,
Uganda,UGA,0,0,0,0,0,0,0,0,0,0,0,0,0,0,0,0,0,0,0,5,5,5,5,5,5,5,5,5,19,19,19,19,19,19,19,19,24,24,24,24,24,24,24,24,24,24,24,24,24,24,24,24,24,24,24,24,24,24,24,24,24,24,24,24,24,24,24,24,24,24,24,24,24,24,24,24,24,48,48,62,62,67,67,67,95,95,95,95,95,95,100,100,95,86,86,100,100,100,100,100,100,100,100,100,100,86
Ukraine,UKR,0,0,0,0,0,0,0,0,0,0,0,0,0,0,0,0,0,0,0,0,0,0,0,0,0,0,0,0,0,0,0,0,0,0,0,0,0,0,0,0,0,0,0,0,0,0,0,0,0,0,0,0,0,0,0,0,0,0,0,0,0,0,14,14,14,14,14,14,14,14,14,71,71,71,71,71,86,95,95,95,95,95,95,95,95,95,95,95,95,95,95,95,95,95,95,95,95,95,95,95,95,95,95,95,95,95
Uruguay,URY,0,0,0,0,0,0,0,0,0,0,0,0,0,0,0,0,0,0,0,0,0,0,0,0,0,0,0,0,0,0,0,0,0,0,0,0,0,0,0,0,0,0,0,0,0,0,0,0,0,0,0,0,0,0,0,0,0,0,0,0,0,0,0,0,0,0,0,0,0,0,0,0,19,26,64,64,64,64,64,64,64,64,64,64,64,64,64,64,64,64,64,64,64,64,64,64,64,64,64,64,64,64,64,64,,
United States,USA,0,0,0,0,0,0,0,0,0,0,0,0,0,0,0,0,0,0,0,0,0,0,0,0,0,0,0,0,0,0,0,0,10,10,10,10,10,10,10,10,10,10,10,10,10,10,10,10,10,10,10,10,10,10,10,10,10,10,10,10,10,14,19,19,24,24,24,24,24,24,24,33,33,43,43,43,57,57,67,67,67,67,67,76,76,76,76,76,76,76,76,76,76,76,76,76,76,76,76,76,76,76,76,76,,
Uzbekistan,UZB,0,0,0,0,0,0,0,0,0,0,0,0,0,0,0,0,0,0,0,0,7,7,7,7,7,7,7,7,7,7,7,7,7,7,7,7,7,7,7,7,7,7,7,7,7,7,7,7,7,7,7,7,7,7,7,7,7,7,7,7,17,17,17,17,17,17,17,17,17,17,17,17,17,17,26,79,79,79,79,83,83,79,88,88,88,88,93,93,93,93,93,93,93,93,93,93,93,,,,,,,,,
Venezuela,VEN,0,0,0,0,0,0,0,0,0,0,0,0,0,0,0,0,0,0,0,0,0,0,0,0,0,0,0,0,0,0,0,0,0,0,0,0,0,0,0,0,0,0,0,0,0,0,0,0,0,0,0,0,0,0,0,0,0,0,14,14,14,14,14,14,14,14,14,14,14,14,14,14,14,14,29,71,86,86,86,86,86,86,86,86,86,86,86,86,86,86,86,86,86,86,86,86,86,86,86,86,86,86,86,86,86,86
Vietnam,VNM,0,0,0,0,0,0,0,0,0,0,0,0,0,0,0,0,0,0,0,0,0,0,0,0,5,5,5,5,19,24,24,29,29,38,38,38,38,38,48,48,48,48,48,57,57,62,62,62,62,62,62,62,62,62,62,62,62,62,62,62,62,62,62,62,62,62,62,62,62,62,62,62,62,62,62,62,62,62,62,62,62,62,62,62,67,67,81,100,100,100,100,100,100,100,100,100,100,100,100,100,100,100,100,100,100,100
South Africa,ZAF,0,0,0,0,0,0,0,0,0,0,0,0,0,0,0,0,0,0,0,0,0,0,5,5,5,5,5,5,5,5,5,5,5,5,5,5,5,5,5,5,5,5,5,5,5,5,5,5,5,5,5,5,5,5,5,5,5,5,5,5,5,5,5,5,5,5,19,19,19,19,19,19,19,19,52,52,62,76,76,76,76,76,76,76,81,86,100,100,100,100,100,100,100,100,100,100,100,,,,,,,,,
Zambia,ZMB,0,0,0,0,0,0,0,0,0,0,0,0,0,0,0,0,0,0,0,0,0,0,0,0,0,0,0,0,0,0,0,0,0,0,0,0,0,0,0,0,0,0,0,0,0,0,0,0,0,0,0,10,10,10,10,10,10,10,10,10,10,10,10,10,10,10,10,10,10,10,10,24,24,24,24,24,24,24,24,38,38,38,38,38,38,38,38,38,48,48,48,48,48,48,48,48,48,48,48,48,48,48,48,48,48,48
Zimbabwe,ZWE,0,0,0,0,0,0,0,0,0,0,0,0,0,0,0,0,0,0,0,0,0,0,0,0,0,0,0,0,0,0,0,0,0,0,0,0,0,0,0,0,0,0,0,0,0,0,0,0,0,0,0,0,0,0,0,0,0,0,0,0,0,0,0,0,0,0,0,0,0,0,0,0,0,0,0,0,29,29,29,29,29,29,52,67,67,67,67,67,67,100,100,100,88,88,88,88,88,88,88,88,88,88,88,88,88,88